{
  "best_params":{
    "logistic_regression":{
      "model__C":0.01,
      "model__penalty":"l2",
      "model__solver":"liblinear",
      "select__k":100
    },
    "linear_svm":{
      "model__C":0.01,
      "select__k":100
    },
    "rbf_svm":{
      "model__C":1.0,
      "model__gamma":0.001,
      "select__k":100
    },
    "random_forest":{
      "model__max_depth":null,
      "model__min_samples_leaf":2,
      "select__k":500
    },
    "extra_trees":{
      "model__max_depth":null,
      "model__min_samples_leaf":2,
      "select__k":1000
    }
  },
  "grid_best_cv_roc_auc":{
    "logistic_regression":0.9909226594,
    "linear_svm":0.9908938263,
    "rbf_svm":0.9905246495,
    "random_forest":0.9905246495,
    "extra_trees":0.9909226594
  },
  "train_metrics_on_refit":{
    "logistic_regression":{
      "roc_auc":0.9950719951,
      "average_precision":0.9987227376,
      "accuracy":0.9367396594,
      "balanced_accuracy":0.9511434511,
      "precision":0.9935691318,
      "recall":0.9279279279,
      "f1":0.9596273292
    },
    "linear_svm":{
      "roc_auc":0.9969199969,
      "average_precision":0.9992251093,
      "accuracy":0.9854014599,
      "balanced_accuracy":0.9811734812,
      "precision":0.9939577039,
      "recall":0.987987988,
      "f1":0.9909638554
    },
    "rbf_svm":{
      "roc_auc":0.9943019943,
      "average_precision":0.9984790638,
      "accuracy":0.9805352798,
      "balanced_accuracy":0.9732617233,
      "precision":0.9909365559,
      "recall":0.984984985,
      "f1":0.9879518072
    },
    "random_forest":{
      "roc_auc":1.0,
      "average_precision":1.0,
      "accuracy":1.0,
      "balanced_accuracy":1.0,
      "precision":1.0,
      "recall":1.0,
      "f1":1.0
    },
    "extra_trees":{
      "roc_auc":1.0,
      "average_precision":1.0,
      "accuracy":1.0,
      "balanced_accuracy":1.0,
      "precision":1.0,
      "recall":1.0,
      "f1":1.0
    }
  },
  "cv_mean":{
    "logistic_regression":{
      "roc_auc":0.9909226594,
      "average_precision":0.9976894674,
      "balanced_accuracy":0.9308915649,
      "f1":0.9432174291
    },
    "linear_svm":{
      "roc_auc":0.9908938263,
      "average_precision":0.997634074,
      "balanced_accuracy":0.9729087517,
      "f1":0.9879229647
    },
    "rbf_svm":{
      "roc_auc":0.9905246495,
      "average_precision":0.997553674,
      "balanced_accuracy":0.9604087517,
      "f1":0.9849822797
    },
    "random_forest":{
      "roc_auc":0.9905246495,
      "average_precision":0.9975990358,
      "balanced_accuracy":0.9313331072,
      "f1":0.9807389413
    },
    "extra_trees":{
      "roc_auc":0.9909226594,
      "average_precision":0.997680374,
      "balanced_accuracy":0.9379771597,
      "f1":0.9821307899
    }
  },
  "cv_std":{
    "logistic_regression":{
      "roc_auc":0.0083262704,
      "average_precision":0.002163665,
      "balanced_accuracy":0.0167427569,
      "f1":0.014215077
    },
    "linear_svm":{
      "roc_auc":0.0095232371,
      "average_precision":0.0025399061,
      "balanced_accuracy":0.0174909704,
      "f1":0.0076876827
    },
    "rbf_svm":{
      "roc_auc":0.0089836151,
      "average_precision":0.0024062154,
      "balanced_accuracy":0.0321699058,
      "f1":0.0081781595
    },
    "random_forest":{
      "roc_auc":0.0092576677,
      "average_precision":0.0024241092,
      "balanced_accuracy":0.0451053106,
      "f1":0.0110156201
    },
    "extra_trees":{
      "roc_auc":0.0089757969,
      "average_precision":0.0024011892,
      "balanced_accuracy":0.0413021885,
      "f1":0.0111875997
    }
  },
  "cv_train_mean":{
    "logistic_regression":{
      "roc_auc":0.995094056,
      "average_precision":0.9987305763,
      "balanced_accuracy":0.9488570254,
      "f1":0.9571806199
    },
    "linear_svm":{
      "roc_auc":0.9971191571,
      "average_precision":0.9992778707,
      "balanced_accuracy":0.9822649835,
      "f1":0.9920916784
    },
    "rbf_svm":{
      "roc_auc":0.994587359,
      "average_precision":0.9985730708,
      "balanced_accuracy":0.9763524735,
      "f1":0.989840322
    },
    "random_forest":{
      "roc_auc":1.0,
      "average_precision":1.0,
      "balanced_accuracy":1.0,
      "f1":1.0
    },
    "extra_trees":{
      "roc_auc":1.0,
      "average_precision":1.0,
      "balanced_accuracy":1.0,
      "f1":1.0
    }
  }
}